--PLENNA SCRIPT inserts
--BASE DE DATOS SCRIPT 2 


--TABLA ASISTENTE
insert into asistente (nombre, apellidos) values ('Daniela','Navarro Hernandez');
insert into asistente (nombre, apellidos) values ('Carmen', 'Quintana Galvan');
insert into asistente (nombre, apellidos) values ('Nicole', 'Reyna Ruiz');
insert into asistente (nombre, apellidos) values ('Paulina','Gaytan Rodriguez');
insert into asistente (nombre, apellidos) values ('Sofía', 'Flores Mendoza');
insert into asistente (nombre, apellidos) values ('Valentina', 'Del Campo Leal');
insert into asistente (nombre, apellidos) values ('Ana', 'Rodriguez Fernandez');
insert into asistente (nombre, apellidos) values ('Maria Fernanda', 'Paz Riquelme');
insert into asistente (nombre, apellidos) values ('Aranza', 'Ruiz Rivas');
insert into asistente (nombre, apellidos) values ('Alexa', 'Sanchez Jimenez');
--
--
-- TABLA DOCTOR 
--
--
insert into doctor (nombre, apellidos, edad, genero, sexo) values ('Carolina', 'Zambrano Lara', 31, 'mujer', 'femenino');
insert into doctor (nombre, apellidos, edad, genero, sexo) values ('Karla', 'Sanchez Espinoza', 40, 'mujer', 'femenino');
insert into doctor (nombre, apellidos, edad, genero, sexo) values ('Hilda', 'Torres Alvarado', 31, 'mujer', 'femenino');
insert into doctor (nombre, apellidos, edad, genero, sexo) values ('Antonia', 'Rodriguez Soto', 34, 'mujer transgenero', 'femenino');
insert into doctor (nombre, apellidos, edad, genero, sexo) values ('Maricela', 'Lopez Cortes', 32, 'mujer', 'femenino');
insert into doctor (nombre, apellidos, edad, genero, sexo) values ('Sonia', 'Cedeño Bautista', 38, 'mujer', 'femenino');
insert into doctor (nombre, apellidos, edad, genero, sexo) values ('Anna', 'Zabala Estrada', 36, 'mujer', 'femenino');
insert into doctor (nombre, apellidos, edad, genero, sexo) values ('Berenice', 'Jimenez Guerrero', 48, 'mujer', 'femenino');
insert into doctor (nombre, apellidos, edad, genero, sexo) values ('Yadira', 'Garcia Santiago', 37, 'mujer', 'femenino');
insert into doctor (nombre, apellidos, edad, genero, sexo) values ('Mayra', 'Romero Ortega', 42, 'mujer', 'femenino');
insert into doctor (nombre, apellidos, edad, genero, sexo) values ('Judith', 'Castillo Luna', 52, 'mujer', 'femenino');
insert into doctor (nombre, apellidos, edad, genero, sexo) values ('Marisol', 'Gonzalez Salazar', 32, 'mujer', 'femenino');
insert into doctor (nombre, apellidos, edad, genero, sexo) values ('Rosario', 'Vera Contreras', 51, 'mujer', 'femenino');
insert into doctor (nombre, apellidos, edad, genero, sexo) values ('Reyna', 'Flores De la Cruz', 42, 'mujer', 'femenino');
insert into doctor (nombre, apellidos, edad, genero, sexo) values ('Aurora', 'Espinoza Rojas', 39, 'mujer', 'femenino');
insert into doctor (nombre, apellidos, edad, genero, sexo) values ('Olivia', 'Castro Velazquez', 32, 'no binario', 'femenino');
insert into doctor (nombre, apellidos, edad, genero, sexo) values ('Raquel', 'Morales Guzman', 33, 'mujer', 'femenino');
insert into doctor (nombre, apellidos, edad, genero, sexo) values ('Irene', 'Perez Vargas', 32, 'mujer transgenero', 'femenino');
insert into doctor (nombre, apellidos, edad, genero, sexo) values ('Elvira', 'Bermudez Castro', 30, 'mujer', 'femenino');
insert into doctor (nombre, apellidos, edad, genero, sexo) values ('Catalina', 'Leon Medina', 52, 'mujer', 'femenino');
insert into doctor (nombre, apellidos, edad, genero, sexo) values ('Lidia', 'Jaramillo Herrera', 42, 'mujer', 'femenino');
insert into doctor (nombre, apellidos, edad, genero, sexo) values ('Victoria', 'Mendoza Dominguez', 27, 'mujer', 'femenino');
insert into doctor (nombre, apellidos, edad, genero, sexo) values ('Dulce', 'Villavicencio Ramos', 40, 'mujer', 'femenino');
insert into doctor (nombre, apellidos, edad, genero, sexo) values ('Isela', 'Gonzalez Juarez', 38, 'mujer', 'femenino');
insert into doctor (nombre, apellidos, edad, genero, sexo) values ('Sara', 'Rodriguez Rivera', 37, 'mujer', 'femenino');
insert into doctor (nombre, apellidos, edad, genero, sexo) values ('Marcela', 'Perez Chavez', 44, 'mujer', 'femenino');
insert into doctor (nombre, apellidos, edad, genero, sexo) values ('Elvia', 'Hernandez Mendez', 36, 'mujer', 'femenino');
insert into doctor (nombre, apellidos, edad, genero, sexo) values ('Esperanza', 'Garcia Alvarez', 58, 'mujer', 'femenino');
insert into doctor (nombre, apellidos, edad, genero, sexo) values ('Cecilia', 'Martinez Romero', 36, 'mujer', 'femenino');
insert into doctor (nombre, apellidos, edad, genero, sexo) values ('Dora', 'Sanchez Castillo', 32, 'mujer', 'femenino');
insert into doctor (nombre, apellidos, edad, genero, sexo) values ('Eva', 'Lopez Moreno', 58, 'mujer', 'femenino');
insert into doctor (nombre, apellidos, edad, genero, sexo) values ('Julia', 'Diaz Ortiz', 55, 'mujer', 'femenino');
insert into doctor (nombre, apellidos, edad, genero, sexo) values ('Elsa', 'Ferreira Aguilar', 45, 'mujer', 'femenino');
insert into doctor (nombre, apellidos, edad, genero, sexo) values ('Esmeralda', 'Ramirez Ruiz', 55, 'mujer', 'femenino');
insert into doctor (nombre, apellidos, edad, genero, sexo) values ('Brenda', 'Castillo Diaz', 32, 'mujer', 'femenino');
insert into doctor (nombre, apellidos, edad, genero, sexo) values ('Socorro', 'Gomez Torres', 40, 'mujer', 'femenino');
insert into doctor (nombre, apellidos, edad, genero, sexo) values ('Georgina', 'Romero Reyes', 35, 'mujer transgenero', 'femenino');
insert into doctor (nombre, apellidos, edad, genero, sexo) values ('Mercedes', 'Oliveira Vazquez', 30, 'mujer', 'femenino');
insert into doctor (nombre, apellidos, edad, genero, sexo) values ('Noemi', 'Mendoza Osorio', 38, 'mujer', 'femenino');
insert into doctor (nombre, apellidos, edad, genero, sexo) values ('Celia', 'Rossi Morales', 53, 'mujer', 'femenino');
insert into doctor (nombre, apellidos, edad, genero, sexo) values ('Daniela', 'Silva Gomez', 41, 'hombre transgenero', 'femenino');
insert into doctor (nombre, apellidos, edad, genero, sexo) values ('Ivanna', 'Gutierrez Ramirez', 34, 'mujer', 'femenino');
insert into doctor (nombre, apellidos, edad, genero, sexo) values ('Minerva', 'Rodriguez Cruz', 43, 'mujer', 'femenino');
insert into doctor (nombre, apellidos, edad, genero, sexo) values ('Nora', 'Gonzalez Garcia', 55, 'mujer', 'femenino');
insert into doctor (nombre, apellidos, edad, genero, sexo) values ('Griselda', 'Martinez Sanchez', 46, 'mujer', 'femenino');
insert into doctor (nombre, apellidos, edad, genero, sexo) values ('Elia', 'Fernandez Martinez', 37, 'mujer', 'femenino');
insert into doctor (nombre, apellidos, edad, genero, sexo) values ('Rosalba', 'Perez Hernandez', 43, 'mujer', 'femenino');
insert into doctor (nombre, apellidos, edad, genero, sexo) values ('Imelda Maria', 'Garcia Del Campo', 40, 'mujer', 'femenino');
insert into doctor (nombre, apellidos, edad, genero, sexo) values ('Ivonne', 'Silva Perez', 39, 'mujer', 'femenino');
insert into doctor (nombre, apellidos, edad, genero, sexo) values ('Marina', 'Lopez Ruiz', 44, 'mujer', 'femenino');
insert into doctor (nombre, apellidos, edad, genero, sexo) values ('Alejandra', 'Pereira Leyva', 50, 'mujer', 'femenino');
insert into doctor (nombre, apellidos, edad, genero, sexo) values ('Lizbeth', 'Sosa Ley', 42, 'hombre transgenero', 'femenino');
insert into doctor (nombre, apellidos, edad, genero, sexo) values ('Mireya', 'Galvan Beltran', 60, 'mujer', 'femenino');
insert into doctor (nombre, apellidos, edad, genero, sexo) values ('Soledad', 'Garcia Garcia', 52, 'mujer', 'femenino');
insert into doctor (nombre, apellidos, edad, genero, sexo) values ('Clara', 'Zavala Besil', 49, 'mujer', 'femenino');
insert into doctor (nombre, apellidos, edad, genero, sexo) values ('Lourdes', 'Gasamans Carrera', 46, 'mujer transgenero', 'femenino');
insert into doctor (nombre, apellidos, edad, genero, sexo) values ('Ines', 'Rivas Lopez', 62, 'mujer', 'femenino');
insert into doctor (nombre, apellidos, edad, genero, sexo) values ('Aida', 'Beltran Fuentes', 57, 'mujer transgenero', 'femenino');
insert into doctor (nombre, apellidos, edad, genero, sexo) values ('Lucero', 'Hernandez Leal', 32, 'hombre transgenero', 'femenino');
insert into doctor (nombre, apellidos, edad, genero, sexo) values ('Ximena', 'Lopez Casas', 54, 'mujer', 'femenino');
insert into doctor (nombre, apellidos, edad, genero, sexo) values ('Anahi', 'Gutierrez Jimemez', 42, 'mujer transgenero','femenino');
--
--
--
-- TABLA ESPECIALIDAD
--
insert into especialidad (nombre) values ('Psicologa');
insert into especialidad (nombre) values ('Ginecologa');
insert into especialidad (nombre) values ('Sexologa');
insert into especialidad (nombre) values ('Medico general');
insert into especialidad (nombre) values ('Suenio');
insert into especialidad (nombre) values ('Nutriologa');
--
--
-- TABLA DOCTOR_ESPECIALIDAD
--
insert into doctor_especialidad values (1000000, 1);
insert into doctor_especialidad values (1000001, 2);
insert into doctor_especialidad values (1000002, 3);
insert into doctor_especialidad values (1000003, 4);
insert into doctor_especialidad values (1000004, 5);
insert into doctor_especialidad values (1000005, 2);
insert into doctor_especialidad values (1000006, 3);
insert into doctor_especialidad values (1000007, 4);
insert into doctor_especialidad values (1000008, 2);
insert into doctor_especialidad values (1000009, 3);
insert into doctor_especialidad values (1000010, 1);
insert into doctor_especialidad values (1000011, 2);
insert into doctor_especialidad values (1000012, 6);
insert into doctor_especialidad values (1000013, 2);
insert into doctor_especialidad values (1000014, 1);
insert into doctor_especialidad values (1000015, 6);
insert into doctor_especialidad values (1000016, 4);
insert into doctor_especialidad values (1000017, 1);
insert into doctor_especialidad values (1000018, 2);
insert into doctor_especialidad values (1000019, 6);
insert into doctor_especialidad values (1000020, 4);
insert into doctor_especialidad values (1000021, 3);
insert into doctor_especialidad values (1000022, 2);
insert into doctor_especialidad values (1000023, 1);
insert into doctor_especialidad values (1000024, 4);
insert into doctor_especialidad values (1000025, 6);
insert into doctor_especialidad values (1000026, 6);
insert into doctor_especialidad values (1000027, 3);
insert into doctor_especialidad values (1000028, 4);
insert into doctor_especialidad values (1000029, 5);
insert into doctor_especialidad values (1000030, 1);
insert into doctor_especialidad values (1000031, 5);
insert into doctor_especialidad values (1000032, 2);
insert into doctor_especialidad values (1000033, 3);
insert into doctor_especialidad values (1000034, 4);
insert into doctor_especialidad values (1000035, 2);
insert into doctor_especialidad values (1000036, 1);
insert into doctor_especialidad values (1000037, 4);
insert into doctor_especialidad values (1000038, 2);
insert into doctor_especialidad values (1000040, 6);
insert into doctor_especialidad values (1000041, 2);
insert into doctor_especialidad values (1000042, 1);
insert into doctor_especialidad values (1000043, 2);
insert into doctor_especialidad values (1000044, 1);
insert into doctor_especialidad values (1000045, 6);
insert into doctor_especialidad values (1000046, 3);
insert into doctor_especialidad values (1000047, 4);
insert into doctor_especialidad values (1000048, 6);
insert into doctor_especialidad values (1000049, 4);
insert into doctor_especialidad values (1000050, 2);
insert into doctor_especialidad values (1000051, 1);
insert into doctor_especialidad values (1000052, 4);
insert into doctor_especialidad values (1000053, 5);
insert into doctor_especialidad values (1000054, 3);
insert into doctor_especialidad values (1000055, 5);
insert into doctor_especialidad values (1000056, 3);
insert into doctor_especialidad values (1000057, 6);
insert into doctor_especialidad values (1000058, 1);
insert into doctor_especialidad values (1000059, 2);
insert into doctor_especialidad values (1000060, 6);
--
--
--
-- TABLA PACIENTE
-- 
insert into paciente (nombre, apellidos, edad, genero, sexo, tipo_sangre, ocupacion) values 
('Maria', 'Gonzalez Rivera', 18, 'mujer', 'femenino', 'B+', 'Estudiante');
insert into paciente (nombre, apellidos, edad, genero, sexo, tipo_sangre, ocupacion) values
('Guadalupe', 'Muñoz Fernandez', 54, 'mujer', 'femenino','O-', 'Empleada');
insert into paciente (nombre, apellidos, edad, genero, sexo, tipo_sangre, ocupacion) values
('Rosa', 'Rojas Rivas', 15, 'mujer', 'femenino', 'O+', 'Estudiante');
insert into paciente (nombre, apellidos, edad, genero, sexo, tipo_sangre, ocupacion) values
('Martha', 'Diaz Garcia', 36, 'mujer', 'femenino', 'A+', 'Empleada');
insert into paciente (nombre, apellidos, edad, genero, sexo, tipo_sangre, ocupacion) values
('Ana', 'Perez Rodriguez', 29, 'mujer transgenero', 'femenino', 'O+', 'Empleada');
insert into paciente (nombre, apellidos, edad, genero, sexo, tipo_sangre, ocupacion) values
('Patricia', 'Soto Juarez', 26, 'mujer', 'femenino', 'O+', 'Empleada');
insert into paciente (nombre, apellidos, edad, genero, sexo, tipo_sangre, ocupacion) values
('Leticia', 'Contreras Riquelme', 23, 'mujer', 'femenino', 'B-', 'Estudiante');
insert into paciente (nombre, apellidos, edad, genero, sexo, tipo_sangre, ocupacion) values
('Maria Elena', 'Silva Mendez', 45, 'mujer', 'femenino', 'A+', 'Empleada');
insert into paciente (nombre, apellidos, edad, genero, sexo, tipo_sangre, ocupacion) values
('Elizabeth', 'Zepulveda Gutierrez', 19, 'mujer', 'femenino', 'B+', 'Estudiante');
insert into paciente (nombre, apellidos, edad, genero, sexo, tipo_sangre, ocupacion) values
('Isabel', 'Morales Jimenez', 60, 'mujer', 'femenino', 'O+', 'Retirada');
insert into paciente (nombre, apellidos, edad, genero, sexo, tipo_sangre, ocupacion) values
('Alicia', 'Rodriguez Velazquez', 40, 'mujer', 'femenino', 'A+', 'Empleada');
insert into paciente (nombre, apellidos, edad, genero, sexo, tipo_sangre, ocupacion) values 
('Margarita', 'Lopez Mendoza', 38, 'mujer', 'femenino', 'O+', 'Empleada');
insert into paciente (nombre, apellidos, edad, genero, sexo, tipo_sangre, ocupacion) values
('Luz', 'Fuentes Del Campo', 26, 'mujer', 'femenino', 'O+', 'Empleada');
insert into paciente (nombre, apellidos, edad, genero, sexo, tipo_sangre, ocupacion) values
('Angelica', 'Hernandez Castillo', 29, 'mujer', 'femenino', 'A+', 'Empleada');
insert into paciente (nombre, apellidos, edad, genero, sexo, tipo_sangre, ocupacion) values
('Claudia', 'Torres Jimenez', 37, 'mujer transgenero', 'femenino' ,'O-', 'Empleada');
insert into paciente (nombre, apellidos, edad, genero, sexo, tipo_sangre, ocupacion) values 
('Silvia', 'Araya Dominguez', 19, 'no binario', 'femenino', 'O+', 'Estudiante');
insert into paciente (nombre, apellidos, edad, genero, sexo, tipo_sangre, ocupacion) values
('Norma', 'Flores Zavala', 41, 'mujer', 'femenino', 'B+', 'Empleada');
insert into paciente (nombre, apellidos, edad, genero, sexo, tipo_sangre, ocupacion) values
('Juana', 'Espinoza Reyes', 27, 'mujer', 'femenino', 'O+', 'Empleada');
insert into paciente (nombre, apellidos, edad, genero, sexo, tipo_sangre, ocupacion) values
('Gabriela', 'Valenzuela Rivas', 21, 'mujer', 'femenino','O+', 'Empleada');
insert into paciente (nombre, apellidos, edad, genero, sexo, tipo_sangre, ocupacion) values
('Adriana', 'Castillo Galvan', 38, 'mujer', 'femenino', 'A+', 'Empleada');
insert into paciente (nombre, apellidos, edad, genero, sexo, tipo_sangre, ocupacion) values
('Veronica', 'Tapia Flores', 18, 'mujer', 'femenino', 'B+', 'Estudiante');
insert into paciente (nombre, apellidos, edad, genero, sexo, tipo_sangre, ocupacion) values
('Teresa', 'Reyes Alvarez', 25, 'mujer', 'femenino', 'B+', 'Empleada');
insert into paciente (nombre, apellidos, edad, genero, sexo, tipo_sangre, ocupacion) values
('Alejandra', 'Gutierrez Perez', 42, 'mujer', 'femenino', 'B+', 'Empleada');
insert into paciente (nombre, apellidos, edad, genero, sexo, tipo_sangre, ocupacion) values
('Alma', 'Castro Garcia', 37, 'mujer', 'femenino','B-', 'Empleada');
insert into paciente (nombre, apellidos, edad, genero, sexo, tipo_sangre, ocupacion) values
('Beatriz', 'Pizarro Gomez', 22, 'mujer', 'femenino', 'O+', 'Empleada');
insert into paciente (nombre, apellidos, edad, genero, sexo, tipo_sangre, ocupacion) values
('Martha', 'Alvarez Luna', 18, 'mujer transgenero', 'femenino', 'O+', 'Estudiante');
insert into paciente (nombre, apellidos, edad, genero, sexo, tipo_sangre, ocupacion) values
('Yolanda', 'Vazquez Casarez', 25, 'mujer', 'femenino', 'O-', 'Empleada');
insert into paciente (nombre, apellidos, edad, genero, sexo, tipo_sangre, ocupacion) values
('Blanca', 'Sanchez Casas', 32, 'mujer', 'femenino', 'A+', 'Empleada');
insert into paciente (nombre, apellidos, edad, genero, sexo, tipo_sangre, ocupacion) values
('Sandra', 'Fernandez Sanchez', 24, 'mujer', 'femenino', 'O+', 'Empleada');
insert into paciente (nombre, apellidos, edad, genero, sexo, tipo_sangre, ocupacion) values
('Araceli', 'Ramirez Gonzalez', 27, 'mujer', 'femenino', 'O-', 'Empleada');
insert into paciente (nombre, apellidos, edad, genero, sexo, tipo_sangre, ocupacion) values
('Irma', 'Carrasco Ramirez', 35, 'mujer', 'femenino', 'O+', 'Empleada');
insert into paciente (nombre, apellidos, edad, genero, sexo, tipo_sangre, ocupacion) values
('Gloria', 'Gomez Chavez', 56, 'mujer', 'femenino', 'O+', 'Empleada');
insert into paciente (nombre, apellidos, edad, genero, sexo, tipo_sangre, ocupacion) values
('Carmen', 'Cortes Hernandez', 60, 'mujer', 'femenino','O+', 'Retirada');
insert into paciente (nombre, apellidos, edad, genero, sexo, tipo_sangre, ocupacion) values
('Luisa', 'Herrera Mancera', 20, 'hombre transgenero', 'femenino' ,'B-', 'Estudiante');
insert into paciente (nombre, apellidos, edad, genero, sexo, tipo_sangre, ocupacion) values
('Rocio', 'Nuñez Juarez', 31, 'mujer', 'femenino','O+', 'Empleada');
insert into paciente (nombre, apellidos, edad, genero, sexo, tipo_sangre, ocupacion) values
('Carmen Concepcion', 'Jara Gonzalez', 32, 'mujer', 'femenino','O+', 'Empleada');
insert into paciente (nombre, apellidos, edad, genero, sexo, tipo_sangre, ocupacion) values
('Cristina', 'Vergara Jara', 29, 'mujer', 'femenino','O+', 'Empleada');
insert into paciente (nombre, apellidos, edad, genero, sexo, tipo_sangre, ocupacion) values
('Edith', 'Rivera Muñoz', 28, 'mujer transgenero', 'femenino', 'B+', 'Empleada');
insert into paciente (nombre, apellidos, edad, genero, sexo, tipo_sangre, ocupacion) values
('Esther', 'Figueroa Valerio', 30, 'mujer', 'femenino', 'O+', 'Empleada');
insert into paciente (nombre, apellidos, edad, genero, sexo, tipo_sangre, ocupacion) values
('Lilia', 'Riquelme Mustri', 34, 'mujer', 'femenino','A+', 'Empleada');
insert into paciente (nombre, apellidos, edad, genero, sexo, tipo_sangre, ocupacion) values
('Lorena', 'Garcia Balmori', 20, 'mujer', 'femenino', 'B+', 'Empleada');
insert into paciente (nombre, apellidos, edad, genero, sexo, tipo_sangre, ocupacion) values
('Magdalena', 'Miranda Sandoval', 41, 'mujer', 'femenino', 'O+', 'Empleada');
insert into paciente (nombre, apellidos, edad, genero, sexo, tipo_sangre, ocupacion) values
('Cecilia', 'Bravo Torres', 30, 'mujer', 'femenino', 'B+', 'Empleada');
insert into paciente (nombre, apellidos, edad, genero, sexo, tipo_sangre, ocupacion) values
('Josefina', 'Vera Garcia', 21, 'mujer', 'femenino', 'A+', 'Estudiante');
insert into paciente (nombre, apellidos, edad, genero, sexo, tipo_sangre, ocupacion) values
('Dolores', 'Molina Gutierrez', 26, 'mujer', 'femenino', 'A+', 'Empleada');
insert into paciente (nombre, apellidos, edad, genero, sexo, tipo_sangre, ocupacion) values
('Karina', 'Vega Ortiz', 28, 'mujer', 'femenino', 'O+', 'Empleada');
insert into paciente (nombre, apellidos, edad, genero, sexo, tipo_sangre, ocupacion) values
('Lucia', 'Campos del Castillo', 19, 'mujer', 'femenino', 'A+', 'Estudiante');
insert into paciente (nombre, apellidos, edad, genero, sexo, tipo_sangre, ocupacion) values
('Estela', 'Sandoval Garrido', 20, 'mujer', 'femenino', 'O+', 'Estudiante');
insert into paciente (nombre, apellidos, edad, genero, sexo, tipo_sangre, ocupacion) values
('Susana', 'Orellana Padilla', 34, 'mujer', 'femenino', 'B-', 'Empleada');
insert into paciente (nombre, apellidos, edad, genero, sexo, tipo_sangre, ocupacion) values
('Maribel', 'Cardenas Ruiz', 30, 'mujer', 'femenino', 'O-', 'Empleada');
insert into paciente (nombre, apellidos, edad, genero, sexo, tipo_sangre, ocupacion) values
('Anna', 'Olivares Vega', 24, 'mujer', 'femenino', 'O+', 'Estudiante');
insert into paciente (nombre, apellidos, edad, genero, sexo, tipo_sangre, ocupacion) values
('Lourdes', 'Alarcon Osorio', 21, 'mujer', 'femenino', 'O+', 'Estudiante');
insert into paciente (nombre, apellidos, edad, genero, sexo, tipo_sangre, ocupacion) values
('Erika Sofia', 'Gallardo Galvan', 23, 'mujer', 'femenino', 'B+', 'Empleada');
insert into paciente (nombre, apellidos, edad, genero, sexo, tipo_sangre, ocupacion) values
('Monica', 'Ortiz Perez', 26, 'mujer', 'femenino', 'A-', 'Empleada');
insert into paciente (nombre, apellidos, edad, genero, sexo, tipo_sangre, ocupacion) values
('Laura', 'Garrido Pulido', 45, 'mujer', 'femenino', 'O+', 'Empleada');
insert into paciente (nombre, apellidos, edad, genero, sexo, tipo_sangre, ocupacion) values
('Diana', 'Salazar Rodriguez', 36, 'mujer transgenero', 'femenino', 'B+', 'Empleada');
insert into paciente (nombre, apellidos, edad, genero, sexo, tipo_sangre, ocupacion) values
('Eugenia', 'Guzman Balderas', 30, 'no binario', 'femenino', 'O+', 'Empleada');
insert into paciente (nombre, apellidos, edad, genero, sexo, tipo_sangre, ocupacion) values
('Cecilia', 'Saavedra Iglesias', 22, 'mujer', 'femenino', 'A+', 'Estudiante');
insert into paciente (nombre, apellidos, edad, genero, sexo, tipo_sangre, ocupacion) values
('Carmen', 'Beltran Velazquez', 37, 'mujer', 'femenino', 'B+', 'Empleada');
insert into paciente (nombre, apellidos, edad, genero, sexo, tipo_sangre, ocupacion) values
('Alexandra', 'Garcia Guzman', 20, 'mujer', 'femenino', 'B+', 'Estudiante');
insert into paciente (nombre, apellidos, edad, genero, sexo, tipo_sangre, ocupacion) values
('Adriana', 'Muñoz Casas', 36, 'mujer', 'femenino', 'O+', 'Empleada');
--
--
--
--TABLA EXPEDIENTE
--
--
insert into expediente (id_paciente, que_enfermedad, toma_medicamentos, medicamentos) values 
(2000000,'anemia', 'false', ' ');
insert into expediente (id_paciente, que_enfermedad, toma_medicamentos, medicamentos) values 
(2000001,'hipertension', 'true', 'diureticos');
insert into expediente (id_paciente, que_enfermedad, toma_medicamentos, medicamentos) values 
(2000002,'ninguna', 'false', ' ');
insert into expediente (id_paciente, que_enfermedad, toma_medicamentos, medicamentos) values 
(2000003,'sindrome de ovario poliquistico', 'false', ' ');
insert into expediente (id_paciente, que_enfermedad, toma_medicamentos, medicamentos) values 
(2000004,'hipotiroidismo', 'false', ' ');
insert into expediente (id_paciente, que_enfermedad, toma_medicamentos, medicamentos) values 
(2000005,'anemia', 'false', ' ');
insert into expediente (id_paciente, que_enfermedad, toma_medicamentos, medicamentos) values 
(2000006,'ninguna', 'false', ' ');
insert into expediente (id_paciente, que_enfermedad, toma_medicamentos, medicamentos) values 
(2000007,'otro', 'false', ' ');
insert into expediente (id_paciente, que_enfermedad, toma_medicamentos, medicamentos) values 
(2000008,'otro', 'false', ' ');
insert into expediente (id_paciente, que_enfermedad, toma_medicamentos, medicamentos) values 
(2000009,'ninguna', 'false', ' ');
insert into expediente (id_paciente, que_enfermedad, toma_medicamentos, medicamentos) values 
(2000010,'diabetes', 'true', 'insulina');
insert into expediente (id_paciente, que_enfermedad, toma_medicamentos, medicamentos) values 
(2000011,'diabetes', 'true', ' insulina y metformina');
insert into expediente (id_paciente, que_enfermedad, toma_medicamentos, medicamentos) values 
(2000012,'ninguna', 'false', ' ');
insert into expediente (id_paciente, que_enfermedad, toma_medicamentos, medicamentos) values 
(2000013,'anemia', 'false', ' ');
insert into expediente (id_paciente, que_enfermedad, toma_medicamentos, medicamentos) values 
(2000014,'otro', 'true', 'daflon 500mg');
insert into expediente (id_paciente, que_enfermedad, toma_medicamentos, medicamentos) values 
(2000015,'ninguna', 'false', ' ');
insert into expediente (id_paciente, que_enfermedad, toma_medicamentos, medicamentos) values 
(2000016,'otro', 'true', 'kombyglize');
insert into expediente (id_paciente, que_enfermedad, toma_medicamentos, medicamentos) values 
(2000017,'ninguna', 'false', ' ');
insert into expediente (id_paciente, que_enfermedad, toma_medicamentos, medicamentos) values 
(2000018,'otro', 'false', ' ');
insert into expediente (id_paciente, que_enfermedad, toma_medicamentos, medicamentos) values 
(2000019,'otro', 'false', ' ');
insert into expediente (id_paciente, que_enfermedad, toma_medicamentos, medicamentos) values 
(2000020,'anemia', 'true', 'hierro ');
insert into expediente (id_paciente, que_enfermedad, toma_medicamentos, medicamentos) values 
(2000021,'ninguna', 'false', ' ');
insert into expediente (id_paciente, que_enfermedad, toma_medicamentos, medicamentos) values 
(2000022,'ninguna', 'false', ' ');
insert into expediente (id_paciente, que_enfermedad, toma_medicamentos, medicamentos) values 
(2000023,'hipertension', 'false', 'betabloqueadores');
insert into expediente (id_paciente, que_enfermedad, toma_medicamentos, medicamentos) values 
(2000024,'otro', 'true', 'thrombocid');
insert into expediente (id_paciente, que_enfermedad, toma_medicamentos, medicamentos) values 
(2000025,'diabetes', 'true', 'insulina');
insert into expediente (id_paciente, que_enfermedad, toma_medicamentos, medicamentos) values 
(2000026,'anemia', 'false', ' ');
insert into expediente (id_paciente, que_enfermedad, toma_medicamentos, medicamentos) values 
(2000027,'otro', 'false', ' ');
insert into expediente (id_paciente, que_enfermedad, toma_medicamentos, medicamentos) values 
(2000028,'ninguna', 'false', 'vitaminas');
insert into expediente (id_paciente, que_enfermedad, toma_medicamentos, medicamentos) values 
(2000029,'ninguna', 'false', ' ');
insert into expediente (id_paciente, que_enfermedad, toma_medicamentos, medicamentos) values 
(2000030,'ninguna', 'false', ' ');
insert into expediente (id_paciente, que_enfermedad, toma_medicamentos, medicamentos) values 
(2000031,'otro', 'false', ' ');
insert into expediente (id_paciente, que_enfermedad, toma_medicamentos, medicamentos) values 
(2000032,'ninguna', 'false', ' ');
insert into expediente (id_paciente, que_enfermedad, toma_medicamentos, medicamentos) values 
(2000033,'hipotiroidismo', 'true', 'levothroid');
insert into expediente (id_paciente, que_enfermedad, toma_medicamentos, medicamentos) values 
(2000034,'ninguna', 'false', ' ');
insert into expediente (id_paciente, que_enfermedad, toma_medicamentos, medicamentos) values 
(2000035,'anemia', 'false', ' ');
insert into expediente (id_paciente, que_enfermedad, toma_medicamentos, medicamentos) values 
(2000036,'anemia', 'true', 'verdadero');
insert into expediente (id_paciente, que_enfermedad, toma_medicamentos, medicamentos) values 
(2000037,'otro', 'false', ' ');
insert into expediente (id_paciente, que_enfermedad, toma_medicamentos, medicamentos) values 
(2000038,'hipotiroidismo', 'true', 'synthroid');
insert into expediente (id_paciente, que_enfermedad, toma_medicamentos, medicamentos) values 
(2000039,'ninguna', 'false', ' ');
insert into expediente (id_paciente, que_enfermedad, toma_medicamentos, medicamentos) values 
(2000040,'otra', 'false', ' ');
insert into expediente (id_paciente, que_enfermedad, toma_medicamentos, medicamentos) values 
(2000041,'diabetes', 'true', ' insulina');
insert into expediente (id_paciente, que_enfermedad, toma_medicamentos, medicamentos) values 
(2000042,'anemia', 'false', ' ');
insert into expediente (id_paciente, que_enfermedad, toma_medicamentos, medicamentos) values 
(2000043,'ninguna', 'false', ' ');
insert into expediente (id_paciente, que_enfermedad, toma_medicamentos, medicamentos) values 
(2000044,'otra', 'false', ' ');
insert into expediente (id_paciente, que_enfermedad, toma_medicamentos, medicamentos) values 
(2000045,'hipertension', 'false', 'diureticos');
insert into expediente (id_paciente, que_enfermedad, toma_medicamentos, medicamentos) values 
(2000046,'otro', 'false', ' ');
insert into expediente (id_paciente, que_enfermedad, toma_medicamentos, medicamentos) values 
(2000047,'ninguna', 'false', ' ');
insert into expediente (id_paciente, que_enfermedad, toma_medicamentos, medicamentos) values 
(2000048,'anemia', 'false', ' ');
insert into expediente (id_paciente, que_enfermedad, toma_medicamentos, medicamentos) values 
(2000049,'otro', 'false', 'quimioterapia');
insert into expediente (id_paciente, que_enfermedad, toma_medicamentos, medicamentos) values 
(2000050,'ninguna', 'false', ' ');
insert into expediente (id_paciente, que_enfermedad, toma_medicamentos, medicamentos) values 
(2000051,'otro', 'false', ' ');
insert into expediente (id_paciente, que_enfermedad, toma_medicamentos, medicamentos) values 
(2000052,'anemia', 'false', ' ');
insert into expediente (id_paciente, que_enfermedad, toma_medicamentos, medicamentos) values 
(2000053,'ninguna', 'false', ' ');
insert into expediente (id_paciente, que_enfermedad, toma_medicamentos, medicamentos) values 
(2000054,'anemia', 'false', ' ');
insert into expediente (id_paciente, que_enfermedad, toma_medicamentos, medicamentos) values 
(2000055,'diabetes', 'true', 'insulina y metmorfina');
insert into expediente (id_paciente, que_enfermedad, toma_medicamentos, medicamentos) values 
(2000056,'otro', 'false', ' ');
insert into expediente (id_paciente, que_enfermedad, toma_medicamentos, medicamentos) values 
(2000057,'ninguna', 'false', ' ');
insert into expediente (id_paciente, que_enfermedad, toma_medicamentos, medicamentos) values 
(2000058,'ninguna', 'false', ' ');
insert into expediente (id_paciente, que_enfermedad, toma_medicamentos, medicamentos) values 
(2000059,'diabetes', 'true', ' insulina');
insert into expediente (id_paciente, que_enfermedad, toma_medicamentos, medicamentos) values 
(2000060,'anemia', 'false', ' ');
--
--
-- TABLA TIPO_CONSULTA
insert into tipo_consulta (nombre,id_especialidad) values ('Psicologica',1);
insert into tipo_consulta (nombre,id_especialidad) values ('Ginecologica',2);
insert into tipo_consulta (nombre,id_especialidad) values ('Sexologica',3);
insert into tipo_consulta (nombre,id_especialidad) values ('General',4);
insert into tipo_consulta (nombre,id_especialidad) values ('Suenio',5);
insert into tipo_consulta (nombre,id_especialidad) values ('Nutriologia',6);
--
--
-- TABLA CONSULTA
--
--
insert into consulta (id_tipo_consulta, id_doctor, id_paciente, fecha, hora_inicio, hora_fin, notas_doctor) values
(1, 1000000, 2000000, '2022-04-25', '14:31', '15:17', 'Paciente con un desorden alimenticio');
insert into consulta (id_tipo_consulta, id_doctor, id_paciente, fecha, hora_inicio, hora_fin, notas_doctor) values
(4, 1000003, 2000001, '2022-03-10', '11:07', '12:02', 'Paciente con hipertension arterial, toma diureticos, se le recomendó hacer ejercicio 30 minutos al día' );
insert into consulta (id_tipo_consulta, id_doctor, id_paciente, fecha, hora_inicio, hora_fin, notas_doctor) values
(1, 1000010, 2000002, '2022-04-11', '09:01', '9:55', 'Paciente con ansiedad en un espectro bajo');
insert into consulta (id_tipo_consulta, id_doctor, id_paciente, fecha, hora_inicio, hora_fin, notas_doctor) values
(2, 1000001, 2000003, '2022-02-09', '15:35', '16:47', 'Paciente con sindrome de ovario poliquistico');
insert into consulta (id_tipo_consulta, id_doctor, id_paciente, fecha, hora_inicio, hora_fin, notas_doctor) values
(2, 1000005, 2000004, '2022-04-01', '12:56', '13:43', 'Paciente vino a una revision general, se le hizo un papanicolau');
insert into consulta (id_tipo_consulta, id_doctor, id_paciente, fecha, hora_inicio, hora_fin, notas_doctor) values
(6, 1000025, 2000005, '2022-02-09', '13:24', '14:12', 'Paciente con anemia, conviene ser evaluada por una psicologa');
insert into consulta (id_tipo_consulta, id_doctor, id_paciente, fecha, hora_inicio, hora_fin, notas_doctor) values
(6, 1000025, 2000006, '2022-05-20', '10:21', '10:54', 'Paciente con sobrepeso, se le asignó un plan alimenticio correspondiente');
insert into consulta (id_tipo_consulta, id_doctor, id_paciente, fecha, hora_inicio, hora_fin, notas_doctor) values
(2, 1000022, 2000007, '2022-03-11', '12:25', '13:50', 'Paciente para chequeo general y platica sobre metodos anticonceptivos');
insert into consulta (id_tipo_consulta, id_doctor, id_paciente, fecha, hora_inicio, hora_fin, notas_doctor) values
(4, 1000034, 2000008, '2022-04-29', '18:05', '18:45', 'Paciente con gripa, se le recetaron los medicamentos necesarios');
insert into consulta (id_tipo_consulta, id_doctor, id_paciente, fecha, hora_inicio, hora_fin, notas_doctor) values
(3, 1000002, 2000009, '2022-05-28', '11:01', '11:55', 'Paciente para informacion sobre disfuncion sexual');
insert into consulta (id_tipo_consulta, id_doctor, id_paciente, fecha, hora_inicio, hora_fin, notas_doctor) values
(6, 1000025, 2000040, '2022-05-14', '09:54', '10:25', 'Paciente con diabetes, se le dio un plan alimenticio personalizado');










